"","SFA","LA","DHA","Total_C","non_HDL_C","Remnant_C","VLDL_C","Clinical_LDL_C","LDL_C","HDL_C","Total_TG","VLDL_TG","LDL_TG","HDL_TG","Total_PL","VLDL_PL","LDL_PL","HDL_PL","Total_CE","VLDL_CE","LDL_CE","HDL_CE","Total_FC","VLDL_FC","LDL_FC","HDL_FC","Total_L","VLDL_L","LDL_L","HDL_L","Total_P","VLDL_P","LDL_P","HDL_P","VLDL_size","LDL_size","HDL_size","Phosphoglyc","TG_by_PG","Cholines","Phosphatidylc","Sphingomyelins","ApoB","ApoA1","ApoB_by_ApoA1","Total_FA","Unsaturation","Omega_3","Omega_6","PUFA","MUFA","Omega_3_pct","Omega_6_pct","PUFA_pct","MUFA_pct","SFA_pct","LA_pct","DHA_pct","PUFA_by_MUFA","Omega_6_by_Omega_3","Ala","Gln","Gly","His","Total_BCAA","Ile","Leu","Val","Phe","Tyr","Glucose","Lactate","Pyruvate","Citrate","bOHbutyrate","Acetate","Acetoacetate","Acetone","Creatinine","Albumin","GlycA","XXL_VLDL_P","XXL_VLDL_L","XXL_VLDL_PL","XXL_VLDL_C","XXL_VLDL_CE","XXL_VLDL_FC","XXL_VLDL_TG","XL_VLDL_P","XL_VLDL_L","XL_VLDL_PL","XL_VLDL_C","XL_VLDL_CE","XL_VLDL_FC","XL_VLDL_TG","L_VLDL_P","L_VLDL_L","L_VLDL_PL","L_VLDL_C","L_VLDL_CE","L_VLDL_FC","L_VLDL_TG","M_VLDL_P","M_VLDL_L","M_VLDL_PL","M_VLDL_C","M_VLDL_CE","M_VLDL_FC","M_VLDL_TG","S_VLDL_P","S_VLDL_L","S_VLDL_PL","S_VLDL_C","S_VLDL_CE","S_VLDL_FC","S_VLDL_TG","XS_VLDL_P","XS_VLDL_L","XS_VLDL_PL","XS_VLDL_C","XS_VLDL_CE","XS_VLDL_FC","XS_VLDL_TG","IDL_P","IDL_L","IDL_PL","IDL_C","IDL_CE","IDL_FC","IDL_TG","L_LDL_P","L_LDL_L","L_LDL_PL","L_LDL_C","L_LDL_CE","L_LDL_FC","L_LDL_TG","M_LDL_P","M_LDL_L","M_LDL_PL","M_LDL_C","M_LDL_CE","M_LDL_FC","M_LDL_TG","S_LDL_P","S_LDL_L","S_LDL_PL","S_LDL_C","S_LDL_CE","S_LDL_FC"
"1",5.938052919,3.494475601,0.2968685,4.605948787,3.598204496,1.571938945,0.808513241,2.868314163,2.026265551,1.007744291,1.64754648,1.27038141,0.147727916,0.136089935,2.699469317,0.567315965,0.691099196,1.17650126,3.339211317,0.463101225,1.504926684,0.796738776,1.26673747,0.345412016,0.521338867,0.211005515,8.952964584,2.646210616,2.865092663,2.320335486,0.016165667,0.000168439,0.001363188,0.014349773,40.17020802,23.88164165,9.318087063,2.05778446,0.800640938,2.325208284,1.94830218,0.4202558,0.931553506,1.255117606,0.742204158,12.06480609,1.26735976,0.473396265,4.302792947,4.776189212,3.504616868,3.784000008,3.335143842,0.208094356,3.923778479,35.66400418,39.58778266,29.0482652,31.36395215,27.64357602,1.724804808,1.362827776,9.089199192,0.466128944,0.712488564,0.190879871,0.081748936,0.405979645,0.062580338,0.123606666,0.219792641,0.044439165,0.075856133,5.935587431,1.15215663,0.082748897,0.094964938,0.037979886,0.025619836,0.008617674,0.016287368,110.5371362,42.21217928,0.771444839,1.68e-06,0.21703402,0.030960303,0.0524398,0.030452861,0.021986939,0.133633917,5.19e-06,0.299200534,0.054024977,0.07343845,0.041331464,0.032106986,0.171737107,1.57e-05,0.519393404,0.105494371,0.145958028,0.074773748,0.07118428,0.267941005,4.65e-05,0.787430874,0.168512687,0.2030536,0.103380055,0.099673545,0.415864587,5.21e-05,0.514195991,0.119488369,0.185188261,0.113484533,0.071703728,0.209519361,4.72e-05,0.308955792,0.088835259,0.148435101,0.099678564,0.048756537,0.071685432,0.000284268,1.12132582,0.264552896,0.763425704,0.577925443,0.185500261,0.09334722,0.000808033,1.740077248,0.385931878,1.25993585,0.94509175,0.3148441,0.094209521,0.000364867,0.786789731,0.202000141,0.548721705,0.402781372,0.145940333,0.036067884,0.000190288,0.338225683,0.103167177
"2",4.972352037,29.78102772,34.75337976,4.887002625,3.816928553,1.657005645,0.951860018,2.914399516,2.159922907,1.070074072,2.89255475,2.481261095,0.171774283,0.140764273,3.084499834,0.791691785,0.707554088,1.331325092,3.505565441,0.479663233,1.652245138,0.821603584,1.381437184,0.472196785,0.50767777,0.248470489,10.86405721,4.224812897,3.039251279,2.542163437,0.016822137,0.000202535,0.001413383,0.014916305,42.28479762,23.66382004,9.371125767,2.394173526,1.208164203,2.586867114,2.223027682,0.432303497,0.977691601,1.319921687,0.740719401,15.58838312,1.235747662,0.775109286,4.642380699,5.417489985,4.232840219,27.15381182,38.09280842,22.41717806,1.904421374,1.279871128,5.989324067,0.394078018,0.669112499,0.175035528,0.090193745,0.428757,0.062594707,0.13284205,0.233320243,0.056759264,0.081891132,30.26325439,9.792145571,5.041743479,6.333673948,1.17336404,0.095458315,0.080259721,0.023563727,0.040573536,0.015418126,0.01200721,105.0102416,42.02836884,0.806288897,5.04e-06,0.732245631,0.087146308,0.12106986,0.064322932,0.056746928,0.524029463,1.03e-05,0.640818721,0.111062248,0.114681148,0.054311641,0.060369507,0.415075325,2.78e-05,0.924336067,0.178449307,0.20760406,0.092446135,0.115157924,0.538282701,5.62e-05,1.043469215,0.201396608,0.193681443,0.076693171,0.116988272,0.648391164,5.57e-05,0.570518255,0.122732898,0.171888494,0.100988516,0.070899977,0.275896864,4.76e-05,0.313425007,0.090904416,0.142935014,0.090900837,0.052034177,0.079585577,0.000289914,1.057829597,0.25392887,0.705145628,0.514623824,0.190521803,0.098755099,0.000758939,1.804148352,0.382295242,1.317689981,1.022916985,0.294772996,0.104163128,0.000431394,0.855564687,0.208321875,0.604115122,0.458408629,0.145706492,0.043127691,0.00022305,0.37953824,0.116936971,0.238117805,0.170919523,0.067198281
"3",5.414176202,6.075539385,3.058034356,0.285005272,0.055166455,0.075298901,5.326416383,3.888914017,2.020726092,1.054161559,2.757741169,1.868187925,1.437502366,1.458205205,0.904116479,0.192686803,0.213973881,3.286983862,0.656440335,0.636981382,1.618364571,3.792143364,0.648536408,1.383896554,1.104485112,1.53427302,0.405625151,0.484291371,0.333017254,10.07160545,2.614718373,2.697856109,3.269840819,0.017084486,0.000204921,0.001479585,0.015046606,38.03903882,23.99094524,9.950968765,2.572033451,0.566946438,2.894263939,2.43204914,0.479382024,1.04543211,1.532778511,0.682050344,13.34857056,1.429038847,0.661363184,4.21499682,4.577812228,0.292267472,4.954561843,40.5599699,45.51453174,22.90907736,31.5763909,34.29440034,2.189503892,1.986746608,8.186388865,0.439466735,0.709436148,0.174312036,0.087459133,0.482436463,0.062512236,0.134918954,6.509032521,1.376781071,0.082521524,0.113207281,0.047247915,0.028884181,0.020238301,0.016710797,94.17726482,39.82602607,0.794835676,1.72e-06,0.192559513,0.040149185,0.066995135,0.036600954,0.030394182,0.085415193,3.62e-06,0.200611755,0.044212969,0.069595982,0.040796246,0.028799735,0.086802804,1.12e-05,0.329229447,0.078631791,0.130183558,0.076847013,0.053336545,0.120414098,4.66e-05,0.730691502,0.181904159,0.264835149,0.149397564,0.115437585,0.283952194,5.87e-05,0.606860762,0.1427673,0.248439701,0.161410927,0.087028774,0.21565376,8.31e-05,0.554765394,0.168774929,0.274112034,0.183483705,0.09062833,0.11187843,0.000353373,1.489190149,0.375197574,0.966564533,0.701131174,0.265433359,0.147428042,0.000935765,1.747971914,0.387881047,1.230298009,0.910963828,0.319334181,0.129792858,0.000340745,0.65164127,0.162511571,0.446072776,0.327608373,0.118464403,0.043056923,0.000203075,0.298242925,0.086588764,0.19181714,0.145324352,0.046492788
"4",4.191701488,4.953918518,0.34722315,5.058108264,3.690934689,1.965658316,1.069926264,2.497416354,1.725276373,1.367173575,1.615166268,1.008508467,0.206971429,0.240028075,3.235498135,0.693062609,0.596191197,1.592354692,3.590363247,0.652094871,1.289125467,1.050848386,1.467745017,0.417831393,0.436150906,0.316325188,9.908772666,2.77149734,2.528438999,3.199556342,0.016989382,0.000213258,0.001421081,0.015015484,38.24452821,24.01450562,9.905788052,2.592273802,0.623069317,2.885247853,2.50057698,0.440911492,1.012609182,1.530237076,0.66173353,13.76136272,1.438317312,0.782055174,5.600769896,6.382825069,3.186836166,5.682977693,40.69923894,46.38221663,23.15785311,30.45993026,35.99874967,2.52317417,2.002872045,7.161604556,0.532497524,0.771122885,0.202152535,0.094490908,0.512195597,0.076960729,0.13968853,0.295546338,0.060296291,0.089785413,6.513511355,1.644232322,0.08728947,0.11953542,0.034111647,0.028475611,0.012786933,0.01228798,89.12175201,37.44971852,0.785515491,2.02e-06,0.223784106,0.048427935,0.078436502,0.04292902,0.035507481,0.09691967,4.07e-06,0.224911183,0.049053858,0.075175806,0.043757097,0.031418709,0.10068152,1.24e-05,0.357270595,0.089451037,0.141162457,0.082490062,0.058672395,0.126657101,4.8e-05,0.7558813,0.185506976,0.255289305,0.14072661,0.114562695,0.315085019,6.35e-05,0.64925183,0.147817517,0.255848828,0.167966726,0.087882102,0.245585485,8.33e-05,0.560398326,0.172805287,0.264013366,0.174225355,0.089788011,0.123579673,0.000339558,1.409279985,0.353889636,0.895732052,0.651933818,0.243798234,0.159658297,0.000908552,1.631385401,0.361076171,1.131844829,0.841881013,0.289963816,0.138464401,0.000319578,0.615797311,0.154207227,0.41481227,0.308774764,0.106037506,0.046777814,0.00019295,0.281256286,0.080907799,0.178619274,0.13846969,0.040149584
"5",3.332701154,3.344863375,0.160000508,3.991085864,3.022230696,1.365797603,0.690661997,2.36509028,1.656433092,0.968855169,1.352757352,1.027492953,0.124356442,0.117271406,2.472733821,0.478679754,0.578194079,1.177933528,2.895658371,0.397572745,1.220192675,0.768346591,1.095427493,0.293089252,0.436240417,0.200508577,7.816577038,2.196834703,2.358983613,2.264060102,0.014851198,0.000143387,0.001150122,0.013282835,39.8872928,23.91643047,9.3528171,1.901534936,0.711402839,2.173121631,1.786164411,0.375816903,0.804570464,1.200926163,0.669958312,10.64551964,1.328536516,0.323616603,4.289770577,4.61338718,2.699431304,3.039932419,40.29648831,43.33642073,25.35744047,31.3061388,31.42038613,1.502984478,1.709021886,13.25571847,0.329576053,0.74882401,0.127699712,0.096856252,0.561265806,0.085211493,0.163984895,0.312069418,0.059233593,0.07776732,5.985970466,1.073029321,0.064657877,0.099964168,0.063105534,0.069821775,0.035658753,0.020818702,92.15775645,43.52081554,0.744221198,1.39e-06,0.170636316,0.027105305,0.044971126,0.024567715,0.020403411,0.098559885,4.17e-06,0.235742336,0.04391242,0.061093289,0.034219863,0.026873426,0.130736626,1.31e-05,0.42741902,0.086241416,0.12180568,0.06249987,0.05930581,0.219371923,3.86e-05,0.653989983,0.136795354,0.171103738,0.090078506,0.081025232,0.346090891,4.23e-05,0.419982393,0.097963386,0.151428145,0.092952067,0.058476078,0.170590862,4.38e-05,0.289064657,0.086661873,0.140260018,0.093254723,0.047005295,0.062142765,0.000274855,0.996698619,0.237926461,0.675135607,0.505456068,0.169679539,0.083636552,0.000706448,1.450886118,0.327789223,1.041658397,0.773323389,0.268335008,0.081438498,0.000278065,0.625755354,0.163572024,0.433070979,0.315802247,0.117268732,0.029112351,0.000165608,0.282342141,0.086832831,0.181703716,0.131067039,0.050636677
"6",0.153190182,2.507675991,40.83800526,1.504122242,0.656950072,2.838677237,1.934057268,1.139099411,1.263408065,0.969820261,0.113682533,0.106411211,2.718169098,0.447045713,0.664179004,1.33799541,3.358804105,0.380999808,1.414618029,0.903200433,1.218474815,0.275950264,0.51943924,0.235898977,8.558856083,2.073816046,2.711918805,2.583506031,0.016798754,0.000133307,0.001229078,0.015130572,39.81384862,23.97115008,9.387751596,2.100054013,0.601607414,2.386193723,1.981518996,0.419722439,0.855777414,1.344738803,0.636389321,10.86892777,1.321805005,0.272557492,4.438653295,4.711210787,2.555361159,3.602355826,3.497507585,43.34568125,23.51070145,33.1436173,32.17895691,1.409432328,1.843657508,16.28520008,0.294227048,0.649525808,0.11224991,0.093604189,4.577278921,3.43817951,0.549326734,0.074864561,0.158433234,0.316028939,0.062573907,0.084724495,6.493707601,1.099540249,0.075661408,0.07657173,0.035248874,0.061235375,0.018824387,0.017602646,83.44109582,43.08980614,0.755369391,1.02e-06,0.131623659,0.017541501,0.028796424,0.015563968,0.013232456,0.085285734,3.85e-06,0.223878251,0.039895841,0.054738336,0.031046374,0.023691962,0.129244074,1.21e-05,0.409183234,0.078422467,0.10815634,0.054092462,0.054063878,0.222604427,3.74e-05,0.647380732,0.136197274,0.175200849,0.094215441,0.080985408,0.335982609,3.64e-05,0.383221289,0.094373619,0.143818243,0.085723796,0.058094447,0.145029428,4.25e-05,0.27852888,0.080615012,0.146239881,0.100357766,0.045882114,0.051673988,0.000305798,1.189615201,0.268948972,0.847172169,0.639692737,0.207479432,0.07349406,0.000767664,1.704273012,0.381261852,1.247946568,0.927551155,0.320395413,0.075064593,0.000292683,0.699998906,0.1866765,0.486884289,0.346588391,0.140295899,0.026438117,0.000168731,0.307646887,0.096240652,0.199226412,0.140478484,0.058747928
"7",4.232730155,4.840220381,0.29727045,5.460017031,4.452409092,1.996398395,1.042655387,3.585340516,2.456010697,1.007607939,1.868163554,1.44616892,0.164496517,0.152670138,3.071538048,0.7169352,0.83449451,1.193556715,3.93752922,0.598962109,1.817063071,0.79090893,1.52248781,0.443693279,0.638947626,0.216699008,10.39971863,3.205759508,3.455001724,2.353834792,0.017300206,0.000210534,0.001634883,0.015098496,40.07873591,23.91741421,9.267016096,2.354786833,0.793347205,2.656398392,2.228057706,0.466657066,1.129477215,1.280021982,0.882388921,14.0192096,1.419193508,0.645934132,5.758116573,6.404050705,3.382428737,4.607493226,41.07304719,45.68054041,24.12710013,30.19235946,34.52562962,2.120450856,1.893329085,8.914402079,0.334063106,0.655747968,0.150482692,0.089186706,0.470227965,0.075672395,0.1367521,0.25780347,0.054550948,0.075449254,5.827342616,1.136973487,0.076631073,0.079178641,0.044172094,0.024947888,0.017722398,0.01902975,89.11374317,44.8292027,0.883937325,2.1e-06,0.249077922,0.045671596,0.068560484,0.035706695,0.032853789,0.134845842,5.88e-06,0.333806212,0.064527836,0.09061123,0.051169929,0.039441301,0.178667147,1.84e-05,0.605986302,0.124094539,0.181097234,0.095677248,0.085419986,0.300794528,5.97e-05,0.986893264,0.21823705,0.277273429,0.145304681,0.131968749,0.491382785,6.65e-05,0.650050571,0.154145775,0.237866854,0.144475421,0.093391433,0.258037942,5.79e-05,0.379945237,0.110258405,0.187246156,0.126628135,0.060618021,0.082440676,0.000356293,1.385122609,0.326551622,0.953743007,0.724886924,0.228856083,0.104827979,0.000986931,2.125090169,0.469557218,1.550590073,1.162536114,0.388053959,0.104942879,0.000422961,0.931355169,0.244246262,0.646900623,0.468214192,0.17868643,0.040208284,0.000224991,0.398556386,0.12069103,0.258520002,0.186312765,0.072207237
"8",3.703603837,3.678699845,0.25197151,5.330394478,4.024079477,1.716551244,0.713661832,3.466493061,2.307528233,1.306315001,1.018398669,0.706931418,0.137342017,0.087940428,2.995273137,0.446892725,0.788274691,1.431267197,3.917898271,0.431425057,1.675545713,1.032899079,1.412496207,0.282236776,0.63198252,0.273415923,9.344066283,1.867485975,3.233144941,2.825522625,0.018186857,0.000137707,0.001453928,0.016251649,38.75590922,23.98351309,9.446224044,2.297158165,0.443329799,2.61497685,2.141619078,0.485578837,0.992761336,1.428756585,0.694842877,11.6643208,1.404804299,0.473453275,4.802990014,5.276443289,2.684273672,4.058987086,41.17676543,45.23575252,23.01268731,31.75156017,31.53805445,2.160190159,1.965687532,10.14459139,0.305086308,0.709953217,0.14970014,0.08093842,0.426951506,0.067363489,0.122716406,0.236871611,0.053428179,0.073820319,5.964750616,1.002631756,0.067679892,0.094893859,0.02838302,0.035088759,0.016888335,0.015280736,89.14024232,43.59424987,0.750305266,6.14e-07,0.070074422,0.012066459,0.019205507,0.009043512,0.010161995,0.038802456,2.73e-06,0.152701432,0.029475982,0.04697825,0.02843317,0.018545079,0.0762472,9.01e-06,0.301010167,0.059117154,0.09225899,0.04936798,0.04289101,0.149634023,3.84e-05,0.621841513,0.145333167,0.210793216,0.121336928,0.089456288,0.26571513,3.68e-05,0.396119997,0.106040072,0.167943714,0.100177799,0.067765915,0.12213621,5.01e-05,0.325738443,0.094859891,0.176482154,0.123065667,0.053416488,0.054396398,0.000343572,1.417912742,0.328838524,1.002889412,0.746588459,0.256300952,0.086184807,0.000914332,2.057456072,0.454964212,1.509090928,1.117295498,0.39179543,0.093400932,0.000340556,0.816412857,0.219400706,0.565706619,0.39580426,0.169902359,0.031305532,0.00019904,0.359276012,0.113909773,0.232730686,0.162445955,0.07028473
"9",6.341943993,5.167373678,2.387296883,1.275531699,4.034358828,2.780076795,1.174570315,2.561438739,2.025869408,0.215063436,0.183190505,3.658234379,0.901255866,0.91603699,1.446344502,4.533301483,0.726981899,2.083758545,0.893406099,1.80864251,0.5485498,0.696318249,0.281164216,12.56161711,4.202656973,3.911177221,2.804105322,0.018418997,0.000249719,0.00190957,0.015844564,40.5478374,23.90918993,9.457624278,2.760503516,0.927888236,3.074174191,2.610406566,0.532013933,1.320683965,1.417798226,0.931503468,16.93722855,1.296485694,0.70540348,5.922851313,6.628254793,4.699098412,5.609875346,5.003198434,0.268284393,4.164810538,34.96942428,39.13423482,27.74419911,33.12156608,29.53965236,1.583992279,1.410537557,8.39640218,0.422301027,0.722036962,0.150440607,0.079200964,0.455674595,0.074513793,0.120554239,0.260606563,0.056238413,0.071407568,5.838402587,1.98158621,0.107331773,0.094172767,0.040332921,0.026509898,0.012906277,0.013974445,94.0806487,43.00434258,0.94927623,3.54e-06,0.482440668,0.065342375,0.104454932,0.060252953,0.044201979,0.312643362,8.76e-06,0.514011353,0.096657104,0.124283538,0.0675739,0.056709638,0.293070711,2.51e-05,0.821749165,0.168084985,0.224707473,0.112808972,0.111898501,0.428956708,7e-05,1.185033263,0.259037605,0.318771174,0.163498896,0.155272279,0.607224483,6.98e-05,0.714647458,0.167686989,0.26310825,0.161330049,0.101778201,0.28385222,7.25e-05,0.484775065,0.144446808,0.240206332,0.16151713,0.078689202,0.100121925,0.000415144,1.643677595,0.394597021,1.111765184,0.829849921,0.281915264,0.137315389,0.001138677,2.355958772,0.512366175,1.705337967,1.269937656,0.435400311,0.138254629,0.000512629,1.091813742,0.266337584,0.774134354,0.589404525,0.184729828,0.051341805,0.000258263,0.463404707,0.137333231,0.300604474,0.224416364,0.07618811
"10",4.097809702,33.43656816,37.53437786,1.318728882,3.51052461,2.42500288,0.930785581,2.904882067,2.365429877,0.212486459,0.194065565,3.36288294,0.97816441,0.80288476,1.237756872,3.97166042,0.724175719,1.839190685,0.698778817,1.649843471,0.594553163,0.585812195,0.232006764,11.8892689,4.662323169,3.4403741,2.362608018,0.016094735,0.000254449,0.001776046,0.01369094,41.17330157,23.83028458,9.382820494,2.526742106,1.149655147,2.785204647,2.357740617,0.459867839,1.233146656,1.246284566,0.989458339,16.51997756,1.282077354,0.676957243,5.523713558,6.200670801,4.608356514,5.710950249,4.580554949,0.242302672,27.89565843,34.56996371,27.72736786,1.466725187,1.345527583,8.159619551,0.368166046,0.683996049,0.108508709,0.085953084,0.429692587,0.069562897,0.119497115,0.240632576,0.050148692,0.066937279,5.621503891,4.690718309,2.265715429,5.518570652,1.516928601,0.057506896,0.06932065,0.032099004,0.036057779,0.007305538,0.009910391,92.08536653,41.9762923,0.904755089,5.45e-06,0.747819343,0.10865015,0.156707405,0.085382749,0.071324656,0.482461788,1.06e-05,0.620662485,0.121100337,0.142850791,0.073015384,0.069835407,0.356711356,2.85e-05,0.929395637,0.191992521,0.247859275,0.120726004,0.127133271,0.489543842,6.9e-05,1.184180144,0.254908176,0.287713582,0.135591627,0.152121955,0.641558386,6.95e-05,0.707309358,0.160182492,0.252067382,0.157148849,0.094918534,0.295059484,7.14e-05,0.472956201,0.141330734,0.231530446,0.152311107,0.07921934,0.100095021,0.0003733,1.423963611,0.344076898,0.946986548,0.696757683,0.250228865,0.132900165,0.001049423,2.07494278,0.446775923,1.494238629,1.130380793,0.363857836,0.133928229,0.000459429,0.946152705,0.234224061,0.660493247,0.503026721,0.157466526,0.051435397,0.000267194,0.419278614,0.121884777,0.270271004,0.205783171,0.064487833
"11",6.249375895,3.256579922,4.655784536,0.120082956,0.088342355,6.572028693,4.794344365,2.086421252,0.832504367,4.141312674,2.707923113,1.777684328,1.06086863,0.741373946,0.130406206,0.107886882,3.672351009,0.489218514,0.900104981,1.894310373,4.848898824,0.509808364,1.957752026,1.408930896,1.723129869,0.322696003,0.750171087,0.368753432,11.30524833,2.063096828,3.738434299,3.779881583,0.022827412,0.00015404,0.001610276,0.020653207,38.75879032,23.99297152,9.604952751,2.89115744,0.366935614,3.24530025,2.656260525,0.584655551,1.11536686,1.829092338,0.609792538,14.16174035,1.400425887,0.473175054,5.776200842,4.513450724,0.23578576,3.341221078,40.7873658,44.12858688,22.99561947,32.87579365,31.87073489,1.664949036,1.918999701,12.20732326,0.28237651,0.593356673,0.14691977,0.092106252,0.421947061,0.057828482,0.11640253,0.24771605,0.043761404,0.053777004,5.64596778,1.091587729,0.07782026,0.074043779,0.194451155,0.057628778,0.060144662,0.022328426,90.95950634,43.38029746,0.806906661,6.39e-07,0.085312802,0.012015957,0.02478719,0.013576691,0.011210499,0.048509655,2.83e-06,0.162183255,0.030771176,0.051860439,0.031837428,0.020023011,0.07955164,9.54e-06,0.319209612,0.058326172,0.099645389,0.054260336,0.045385054,0.16123805,4.55e-05,0.706358248,0.169345953,0.255516004,0.147884863,0.107631141,0.281496291,3.92e-05,0.428025928,0.118393113,0.189872151,0.111852967,0.078019183,0.119760664,5.64e-05,0.362006982,0.100366143,0.210823193,0.150396079,0.060427115,0.050817646,0.000409889,1.723835622,0.388717141,1.253916885,0.928701339,0.325215546,0.081201596,0.001009616,2.424588701,0.53375971,1.803132935,1.325853833,0.477279102,0.087696056,0.000385525,0.92254468,0.24758461,0.64488861,0.448406424,0.196482186,0.03007146,0.000215135,0.391300919,0.118760662,0.259901567
"12",6.001412337,3.068721793,4.838503973,9.921396553,2.862578151,6.292955525,4.543831803,2.126695237,0.809998319,3.827631334,2.417136566,1.749123722,1.033226901,0.658581059,0.142058706,0.134239483,3.711881672,0.473982551,0.838782638,2.006314941,4.630530439,0.501008137,1.736184699,1.373148858,1.662425086,0.308990181,0.680951867,0.375974865,11.0380641,1.942561929,3.397977909,3.889678146,0.02247827,0.000151325,0.001459403,0.020418946,38.09499422,24.00458419,9.624239795,2.973731758,0.347451279,3.273599241,2.744028924,0.567912408,1.056433076,1.857501414,0.568738774,13.9086381,1.41894178,0.60257004,5.398842296,3.995423766,0.282138984,4.332343942,38.81646971,43.14881365,22.06342397,34.78776238,28.72620408,2.028516249,1.95567169,8.959692544,0.358033392,0.584786064,0.446963383,0.061944642,0.128811491,0.256207251,0.041438517,0.057620355,6.202476162,2.142374918,0.090239298,0.065435986,0.030746185,0.053254828,0.014659645,0.01236412,75.91774082,42.17596453,0.78974975,9.13e-07,0.121001205,0.018955252,0.029239677,0.013734611,0.015505066,0.072806276,2.6e-06,0.147255573,0.029428734,0.046378146,0.027257212,0.019120935,0.071448693,7.99e-06,0.261034728,0.050031837,0.084994653,0.046220753,0.0387739,0.126008238,3.98e-05,0.602466348,0.150749119,0.230037767,0.134106281,0.095931486,0.221679462,3.64e-05,0.39794903,0.109580521,0.182108058,0.110047808,0.07206025,0.106260451,6.36e-05,0.412855045,0.115237089,0.237240017,0.169641472,0.067598545,0.06037794,0.000448596,1.807846114,0.392801542,1.316696918,0.992078372,0.324618547,0.098347654,0.000912224,2.214193576,0.507883322,1.607197804,1.166981252,0.440216552,0.09911245,0.000357768,0.831209408,0.223783874,0.576853847,0.40331849,0.173535357,0.030571687,0.000189411,0.352574925,0.107115442,0.233084915,0.165884957,0.067199958
"13",3.674033121,3.138278338,0.186751789,4.589374524,3.495759383,1.613867467,0.733766089,2.860757285,1.881891916,1.093615142,1.08507384,0.738138427,0.14073116,0.111755734,2.702022229,0.458076659,0.672835485,1.274069062,3.337750592,0.443630504,1.363949903,0.862047532,1.251623932,0.290135584,0.517942013,0.23156761,8.376470593,1.929981174,2.695458561,2.479439938,0.015985198,0.000146178,0.001263789,0.014220706,38.50253127,23.91074502,9.41911046,2.029930644,0.534537396,2.322450119,1.864894718,0.439061809,0.90518412,1.282996576,0.70552341,10.71301473,1.29384819,0.326297833,4.109265145,4.435562978,2.603418634,3.045807752,38.35769153,41.40349928,24.30145667,34.29504404,29.29407283,1.743223487,1.703745575,12.59360231,0.379952312,0.655885425,0.118680749,0.076996039,0.492407518,0.078461283,0.137378849,0.276567386,0.058858254,0.057891421,5.729661491,1.699601685,0.120763464,0.084763015,0.385459726,0.074484222,0.164581552,0.038188578,103.5967494,41.21722354,0.753320584,9.09e-07,0.107810812,0.019028351,0.033702791,0.018483923,0.015218868,0.05507967,3e-06,0.165974596,0.032666245,0.051030442,0.030437143,0.020593299,0.082277909,9.45e-06,0.300028406,0.062451525,0.097512442,0.052068283,0.045444158,0.14006444,3.65e-05,0.582228661,0.134276736,0.191933258,0.107460519,0.084472739,0.256018668,4.04e-05,0.420148623,0.104633928,0.176324229,0.110913495,0.065410733,0.139190466,5.59e-05,0.353790076,0.105019875,0.183262927,0.124267141,0.058995786,0.065507274,0.000354525,1.27159092,0.297041023,0.880101379,0.640533109,0.23956827,0.094448518,0.000765935,1.683977618,0.390400593,1.198291199,0.876092377,0.322198822,0.095285826,0.000320215,0.698006744,0.183073801,0.482937253,0.345218655,0.137718598,0.03199569,0.000177639,0.3134742,0.099361091,0.200663463,0.14263887,0.058024593
"14",0.153708707,2.85068535,38.91142398,1.363100008,0.640402818,2.435255338,1.684454179,0.941658759,1.270075069,0.963345832,0.120017046,0.106257377,2.408181821,0.437287155,0.590743777,1.134299652,2.904239036,0.369258261,1.231976424,0.736865314,1.08497391,0.271144557,0.452477755,0.204793445,7.667469836,2.041035804,2.395215002,2.182215787,0.014071647,0.000137488,0.001160219,0.012504304,39.52238062,23.89593187,9.374871929,1.789700818,0.709657757,2.060954297,1.692350117,0.386094102,0.804046904,1.138530414,0.706214691,9.946852757,1.277732403,0.283553474,3.870462049,4.154015523,2.542321733,3.2505155,3.007752118,41.76210933,25.55905667,32.678834,30.23822903,1.545299912,1.633945645,13.64984879,0.484730174,0.608220711,0.15496238,0.077835182,3.989212946,3.047554187,0.371477507,0.049770143,0.095279092,0.226428273,0.044836579,0.061322838,4.770450866,2.632931416,0.123169126,0.071962651,0.062736071,0.082946716,0.026098328,0.014750117,90.76169717,38.61135927,0.809936561,9.21e-07,0.112125032,0.0147775,0.027805333,0.016220051,0.011585282,0.069542198,3.65e-06,0.213716077,0.037528406,0.052513538,0.029749288,0.022764251,0.123674133,1.21e-05,0.402615948,0.076077127,0.111040313,0.057335568,0.053704745,0.215498509,3.65e-05,0.622399029,0.129254452,0.160701169,0.081638943,0.079062226,0.332443408,3.98e-05,0.400065637,0.093725248,0.141876169,0.085965368,0.055910801,0.16446422,4.45e-05,0.290114081,0.085924422,0.146466296,0.098349043,0.048117253,0.057723363,0.000269636,1.049003242,0.245851238,0.72269719,0.53349615,0.18920104,0.080454814,0.000704507,1.49046316,0.33433501,1.076130026,0.799607751,0.276522275,0.079998124,0.000287853,0.618472081,0.163335121,0.427708208,0.305732013,0.121976195,0.027428752,0.000167859,0.28627976,0.093073645,0.180615945,0.12663666,0.053979285
"15",3.795508838,3.970253072,0.249831281,5.000613832,3.928724226,1.642006879,0.804053879,3.255239464,2.286717347,1.071889606,1.586568489,1.24644848,0.127504833,0.134020491,2.821830602,0.551160043,0.748506108,1.242596055,3.656981079,0.461567594,1.691587833,0.849218776,1.343632753,0.342486286,0.595129514,0.222670829,9.409012923,2.601662403,3.162728289,2.448506151,0.017396331,0.000168833,0.001418956,0.015509693,40.18864051,23.92716047,9.300057161,2.176103666,0.729086814,2.469831177,2.089748282,0.45289652,0.967844934,1.322926054,0.731594128,12.11516481,1.357807644,0.485155888,4.881855142,5.36701103,2.952644942,4.004533948,40.29540843,44.29994238,24.37147978,31.32857784,32.77093737,2.062136878,1.817696044,10.06244646,0.390424848,0.648719202,0.168791504,0.089686907,0.483127129,0.066283365,0.147392771,0.269450992,0.055045573,0.071421388,5.431384288,1.023031854,0.083036651,0.056898819,0.036461748,0.048865599,0.014486841,0.015532699,93.93322484,42.108898,0.803679205,9.98e-07,0.112825971,0.016168299,0.036062459,0.022946669,0.01311579,0.060595214,4.82e-06,0.281324486,0.048860751,0.071405295,0.042243139,0.029162156,0.16105844,1.62e-05,0.544087023,0.105250084,0.153243074,0.080415137,0.072827938,0.285593865,4.97e-05,0.857097026,0.180326959,0.216053872,0.108767626,0.107286246,0.460716195,5.12e-05,0.517077472,0.121509085,0.17777147,0.104581109,0.073190361,0.217796917,4.58e-05,0.289250425,0.079044866,0.149517709,0.102613914,0.046903795,0.06068785,0.000298849,1.19611608,0.279568396,0.837953,0.635562891,0.202390109,0.078594685,0.000861526,1.981444312,0.424790466,1.474665629,1.113376408,0.361289221,0.081988218,0.000362496,0.834384011,0.219374097,0.583988037,0.416231444,0.167756593,0.031021877,0.000194934,0.346899966,0.104341546,0.228063682,0.161979981,0.066083701
"16",3.940913438,0.267322005,4.893513229,3.571350837,1.677725543,0.906384853,2.55360492,1.893625294,1.322162391,2.496872936,1.976621916,0.177767066,0.22215851,3.385439775,0.711541197,0.622290648,1.774571393,3.521750521,0.487028383,1.446718267,1.010200908,1.371762708,0.41935647,0.446907028,0.311961484,10.77582594,3.594547966,2.693683008,3.318892295,0.018989076,0.000194245,0.001256235,0.017270837,40.92554745,23.77956928,9.563162775,2.79587339,0.893056511,2.998562855,2.641067487,0.447863488,0.881456196,1.634866251,0.539161045,15.39322124,1.264921548,0.666369598,4.966586792,5.632956389,4.086669176,5.673595675,4.328980837,32.26476586,36.5937467,26.54849893,36.85775437,25.6016163,1.736621601,1.378373474,7.45320136,0.307392129,0.725766653,0.189822225,0.074450327,0.49082736,0.090703287,0.146566978,0.253557095,0.036440162,0.053566202,5.228558468,1.427672636,0.09844819,0.075964498,0.021473814,0.098332072,0.018872742,0.029576688,90.02981604,43.02702162,0.853015092,3.82e-06,0.52178152,0.071337672,0.103237607,0.056579828,0.04665778,0.347206241,8.07e-06,0.480718305,0.086147465,0.096999293,0.048606519,0.048392774,0.297571547,2.23e-05,0.740550915,0.146111198,0.180609161,0.086239729,0.094369432,0.413830556,4.89e-05,0.908553079,0.179172759,0.17382726,0.071157543,0.102669717,0.555553059,5.41e-05,0.556334778,0.117589259,0.168694219,0.103060608,0.065633611,0.2700513,5.71e-05,0.38660937,0.111182844,0.183017312,0.121384156,0.061633156,0.092409213,0.000267759,1.168702671,0.277036538,0.77134069,0.579629917,0.191710773,0.120325443,0.000718525,1.660678952,0.360060687,1.186280229,0.903667671,0.282612558,0.114338036,0.000347712,0.728000303,0.174521183,0.511928925,0.393669415,0.11825951,0.041550194,0.000189998,0.305003753,0.087708777,0.19541614,0.14938118,0.04603496
"17",4.060157564,3.806477207,0.193128857,5.617955195,4.464496289,2.1915639,1.078107555,3.461020329,2.272932389,1.153458906,1.868035668,1.39550472,0.180141504,0.16587762,3.344963647,0.712435033,0.795201633,1.457572835,4.013472569,0.634918628,1.682223507,0.875862807,1.604482626,0.443188928,0.590708882,0.277596099,10.83095451,3.186047308,3.248275526,2.776909361,0.016952,0.000212095,0.001580779,0.014726241,39.20494207,23.8564911,9.521844079,2.561271887,0.729339075,2.861628911,2.422656069,0.486111881,1.14181434,1.365797945,0.836005314,14.00785532,1.290958625,0.381804044,5.221296181,5.603100226,3.431423561,4.973331539,4.290570554,0.176207499,2.725642401,37.27405845,39.99970085,24.49642348,35.50387567,30.62974634,1.257919184,1.63287922,13.67532969,0.347264273,0.671761952,0.098110032,0.08022111,0.519241186,0.088000479,0.143366697,0.287874011,0.052749203,0.083477745,5.583835867,1.474407829,0.089996997,0.065082318,0.025907568,0.037716295,0.023774801,0.011715733,102.8774048,44.00723621,0.823460797,2.42e-06,0.317291175,0.046722628,0.070885926,0.038287224,0.032598702,0.199682621,5.78e-06,0.337171436,0.0656722,0.0860344,0.046703853,0.039330546,0.185464836,1.66e-05,0.554098612,0.112008541,0.15924895,0.082944246,0.076304703,0.282841122,5.29e-05,0.887306053,0.200946083,0.267129761,0.141942051,0.12518771,0.419230209,5.71e-05,0.592112041,0.142285962,0.231671243,0.144112657,0.087558586,0.218154836,7.73e-05,0.49806799,0.144799619,0.263137275,0.180928596,0.082208679,0.090131096,0.000432886,1.619722316,0.379754147,1.113456344,0.828019517,0.285436827,0.126511824,0.000938695,2.029263251,0.461216332,1.447398646,1.078857035,0.368541611,0.120648273,0.000411196,0.841070103,0.215289835,0.585612692,0.429584114,0.156028578,0.040167576,0.000230887,0.377942172,0.118695466
"18",4.741764244,5.079017063,2.80000176,27.44730263,10.18937435,5.359940073,5.594954955,4.456341939,2.091495449,0.935056873,3.645609974,2.36484649,1.138613015,1.248074914,0.867153341,0.155025217,0.118060103,3.098751946,0.571683556,0.823926738,1.321547543,4.041090343,0.573074405,1.717953108,0.881533757,1.553864612,0.361982468,0.646893382,0.257079258,9.941781814,2.373893769,3.343798445,2.578220661,0.016603166,0.000176667,0.001571076,0.014401996,38.4907268,24.01166303,9.456912092,2.305649163,0.54131172,2.641800626,2.185724025,0.489396728,1.129200141,1.299070791,0.869236802,11.93917639,1.3144585,0.337252819,2.824757822,39.71600796,42.54076578,23.45221873,34.00701549,31.88224282,1.617606196,1.813933525,14.05996919,0.2953139,0.748441824,0.143621189,0.091287297,0.482182493,0.072514048,0.147001435,0.26266701,0.061229622,0.092877793,4.92833082,0.938752237,0.066386883,0.078605252,0.064750973,0.026429476,0.036220173,0.01880583,94.53120477,44.54397625,0.729598619,1.07e-06,0.13743891,0.020677882,0.034837425,0.01880408,0.016033345,0.081923603,3.62e-06,0.206334193,0.041466253,0.06313454,0.037183197,0.025951343,0.1017334,1.1e-05,0.36453958,0.075459739,0.115994533,0.062604402,0.053390131,0.173085308,4.57e-05,0.729575992,0.176392227,0.262760176,0.151457719,0.111302457,0.290423589,4.66e-05,0.493991893,0.128838533,0.217582803,0.134819952,0.082762851,0.147570558,6.87e-05,0.442013201,0.128848921,0.240747396,0.168205054,0.072542342,0.072416884,0.000453427,1.645868939,0.381594109,1.156438576,0.867221393,0.289217183,0.107836254,0.000995265,2.124152453,0.477084185,1.541587567,1.137072993,0.404514574,0.105480701,0.000366797,0.83900187,0.225322892,0.57914378,0.408969057,0.170174723,0.034535198,0.000209014,0.380644122,0.121519661,0.244115143,0.171911058,0.072204085
"19",5.390113424,6.087679312,3.883740814,0.288576856,0.045618775,0.065253146,6.271494254,5.049028012,2.279670764,1.134394292,4.081915587,2.769357248,1.222466242,2.101967786,1.625994316,0.190667694,0.161219626,3.52937476,0.763773246,0.918075555,1.461973146,4.519851504,0.654564206,2.046753807,0.935484298,1.75164275,0.479830085,0.72260344,0.286981944,11.9028368,3.524161854,3.878100497,2.845659014,0.018791853,0.00022958,0.001818176,0.016343058,39.99811493,23.95536915,9.433693699,2.70583521,0.776827716,3.026960166,2.572209639,0.555211443,1.256231488,1.437195602,0.874085258,15.15445558,1.324901063,0.697565888,5.183035454,4.393737008,0.312723016,4.603041557,35.56784601,40.17088756,25.62771584,34.20139659,28.99303762,2.063571431,1.567478265,7.727031261,0.366405128,0.678892543,0.168990748,0.087432255,0.488536593,0.06506567,0.134894067,5.344921727,1.17098538,0.078008345,0.076147127,0.027351786,0.027885261,0.012386605,0.01851055,95.42174386,45.68806261,0.879668202,1.67e-06,0.193540558,0.024419784,0.057430047,0.036950992,0.020479054,0.111690728,6.74e-06,0.393267243,0.070167221,0.098392449,0.056081131,0.042311319,0.224707573,2.17e-05,0.71239742,0.139049967,0.200548465,0.103672701,0.096875764,0.372798989,6.51e-05,1.109117608,0.238474607,0.303418825,0.156336814,0.147082011,0.567224176,6.54e-05,0.661203692,0.158571245,0.242812492,0.145003324,0.097809169,0.259819954,6.89e-05,0.454635333,0.133090423,0.231792014,0.156519245,0.075272768,0.089752896,0.000401039,1.654915435,0.385552813,1.145276473,0.861444833,0.283831639,0.124086149,0.001120469,2.419411049,0.520647997,1.773015794,1.322810851,0.450204943,0.125747258,0.000450231,1.022109758,0.263874502,0.713543069,0.520486237,0.193056832,0.044692187,0.000247475,0.43657969,0.133553056,0.282798384,0.203456719,0.079341665
"20",4.35126434,3.638533915,0.336882318,5.590230292,4.427544273,2.007359413,0.929135494,3.612153575,2.420184859,1.162686019,1.458324444,1.018084452,0.181176811,0.136633815,3.159849593,0.587600798,0.831256367,1.371316276,4.043169839,0.560345066,1.772324329,0.891502447,1.547060452,0.368790428,0.64786053,0.271183572,10.20840433,2.534820744,3.432618037,2.670636111,0.01708844,0.000189804,0.001595619,0.014895448,38.65877745,23.96227786,9.454312524,2.397189592,0.608347562,2.717270025,2.26001358,0.526189023,1.125004983,1.339750415,0.83971236,12.64950928,1.36714472,0.682821811,4.666809595,5.349631406,2.948613536,5.398010274,36.89320661,42.29121689,23.31010216,34.39868095,28.76422977,2.663204643,1.814287067,6.834593626,0.367879182,0.68213008,0.177830078,0.085680632,0.461128002,0.06365575,0.129864383,0.267607869,0.053629636,0.056471127,5.078434241,1.30030871,0.047021845,0.079146706,0.014318846,0.031092566,0.012257698,0.015438399,88.80184178,41.73506732,0.835484031,5.96e-07,0.047949617,0.006681953,0.026332578,0.018418868,0.007913711,0.014935086,4.02e-06,0.230088402,0.041311922,0.065742334,0.040098614,0.02564372,0.123034146,1.33e-05,0.442446014,0.087914598,0.132385279,0.070852119,0.06153316,0.222146138,4.9e-05,0.817611097,0.184282127,0.254542419,0.139726406,0.114816013,0.37878655,5.39e-05,0.551274567,0.135655117,0.221436855,0.135835203,0.085601651,0.194182596,6.9e-05,0.445451046,0.131755081,0.228696028,0.155413856,0.073282172,0.084999936,0.000407569,1.570329438,0.369676152,1.078223919,0.808148796,0.270075124,0.122429366,0.00098172,2.165953657,0.475535266,1.56752397,1.166346683,0.401177287,0.122894422,0.000400208,0.878938719,0.232183912,0.605383229,0.432829622,0.172553607,0.041371578,0.000213691,0.387725661,0.123537189,0.247277661,0.173148024,0.074129637
"21",3.920709887,3.594593464,0.209877585,5.437812653,3.972218827,1.665751892,0.639019837,3.44612825,2.306466935,1.465593826,0.991330034,0.694774688,0.1175228,0.107302685,3.112154575,0.391536452,0.773697983,1.627439935,4.02446743,0.388056242,1.67142107,1.161408949,1.413345223,0.250963594,0.635045866,0.304184877,9.541297261,1.725330976,3.197687718,3.200336447,0.019957933,0.000124543,0.001352841,0.018150342,38.90258352,24.01363752,9.490771483,2.420575526,0.409543112,2.761002466,2.252975537,0.514570641,0.927293798,1.60588098,0.577436193,11.5122171,1.323494347,0.342710817,4.600202538,4.942913355,2.648593862,2.976931501,39.95931015,42.93624165,23.00680953,34.05694882,31.22416327,1.823085715,1.866240584,13.4229861,0.381428244,0.766129747,0.207757649,0.080037464,0.493007891,0.075732949,0.143683262,0.27359168,0.050663276,0.07161502,5.235239865,1.158627682,0.070995103,0.074663743,0.026469175,0.022405572,0.0099265,0.013491114,96.17461074,51.71221526,0.841865915,3.17e-07,0.034785007,0.004037896,0.009744857,0.004968662,0.004776196,0.021002254,2.6e-06,0.150307576,0.025983864,0.041922314,0.025784172,0.016138142,0.082401399,8.77e-06,0.302798197,0.055243046,0.084889149,0.044504918,0.04038423,0.162666002,3.57e-05,0.596664459,0.134072191,0.191715163,0.109816662,0.0818985,0.270877104,3.29e-05,0.357012227,0.094389354,0.148370244,0.086839109,0.061531136,0.114252629,4.42e-05,0.283763511,0.077810101,0.16237811,0.116142719,0.046235391,0.0435753,0.000330207,1.41794212,0.319480205,1.026732055,0.774993097,0.251738958,0.07172986,0.000856599,2.069552706,0.455466861,1.533974845,1.135413584,0.39856126,0.080111001,0.000317124,0.793186628,0.214652238,0.551851513,0.382170819,0.169680694,0.026682878,0.000179118,0.334948384,0.103578884,0.220640578,0.153836666,0.066803911
"22",4.878606196,3.648383609,1.309049206,2.339334403,1.230222588,0.821289803,0.578584226,0.109168848,0.075545887,2.599425042,0.289651161,0.764761964,1.275910934,3.625564215,0.287545708,1.699317538,0.986149221,1.253041981,0.18556485,0.640016865,0.244073367,8.299321042,1.341345945,3.213265214,2.581679409,0.018123425,9.7e-05,0.001300118,0.016471174,39.04000172,23.92022902,9.313521407,1.954036626,0.420304201,2.32333333,1.736332813,0.507245539,0.847604619,1.38460626,0.612162926,9.757873356,1.257696592,0.254933837,3.884824892,4.13975873,2.265837713,3.352276913,2.909917167,0.188871191,2.612596289,39.81220857,42.42480486,23.22060997,34.35458517,29.82122293,1.935577397,1.827032318,15.23856125,0.405823427,0.719806906,0.230383417,0.07042144,0.473110558,3.3235307,0.499943118,0.088978656,0.136673699,0.274290763,0.05537908,0.068931678,5.545209303,1.238095047,0.095102978,0.057226433,0.037193444,0.03424688,0.017685334,0.013042067,97.02204763,44.97414905,0.766257328,1.29e-08,0.002051975,0.000231541,0.001820168,0.000848808,0.00097136,2.65e-07,1.99e-06,0.112052558,0.01561337,0.03140897,0.022335266,0.009073704,0.065030218,7.19e-06,0.250260564,0.045542763,0.064398433,0.032191879,0.032206554,0.140319368,2.82e-05,0.494823663,0.107692237,0.144157176,0.080742865,0.063414311,0.242974249,2.76e-05,0.299366583,0.079235898,0.12091009,0.070223373,0.050686717,0.099220594,3.19e-05,0.182790603,0.041335351,0.110415721,0.081203518,0.029212203,0.031039531,0.000255165,1.163030473,0.269100983,0.835938647,0.636332187,0.19960646,0.057990842,0.00078723,2.036033432,0.440603629,1.521964441,1.13620426,0.385760181,0.073465361,0.000333429,0.835032718,0.219300341,0.589595389,0.40845648,0.181138908,0.026136989,0.000179458,0.342199065,0.104857994,0.227774573,0.154656798,0.073117775
"23",4.940334655,3.681919924,0.18487592,3.936794699,3.181184323,1.34716263,0.849718751,2.333214421,1.834021693,0.755610376,3.056802327,2.701995946,0.146937846,0.133078843,2.580205491,0.78588104,0.581522238,1.034878054,2.798449516,0.395017435,1.435654474,0.584280199,1.138345183,0.454701316,0.398367219,0.171330177,9.573802517,4.337595737,2.562481777,1.923567273,0.014097078,0.000183836,0.001254722,0.012443828,43.94154637,23.67401924,9.172665782,2.007232185,1.522894237,2.20034834,1.85684752,0.348925279,0.848116952,1.099685878,0.771235649,14.84263372,1.18240935,0.453928645,4.659076198,5.113004843,4.789294222,3.058275594,31.38982128,34.44809688,32.26714552,33.2847576,24.80637866,1.245573555,1.067590464,10.26389556,0.39312899,0.730205325,0.139739682,0.089723441,0.578079305,0.090463667,0.16101323,0.326602409,0.052260046,0.072674441,5.097258549,1.330175696,0.070484682,0.073046487,0.041587808,0.019651966,0.013598477,0.018215908,97.7400786,42.87703182,0.972517351,5.95e-06,0.872573596,0.110209124,0.148226938,0.078563843,0.069663095,0.614137534,1.21e-05,0.728652966,0.131955807,0.13213801,0.059899838,0.072238172,0.464559149,3.19e-05,1.041127069,0.208129337,0.227136203,0.094986475,0.132149728,0.605861529,5.28e-05,1.029018092,0.185957595,0.136742808,0.039517418,0.09722539,0.706317689,4.76e-05,0.469225181,0.094302423,0.124989594,0.073904326,0.051085268,0.249933164,3.36e-05,0.196998833,0.055326753,0.080485198,0.048145535,0.032339663,0.061186882,0.000214692,0.75015773,0.177924159,0.497443879,0.377523318,0.119920561,0.074789692,0.000687286,1.421224431,0.299646853,1.037844541,0.805358741,0.2324858,0.083733037,0.000364527,0.79326542,0.182512792,0.571478083,0.456056587,0.115421496,0.039274546,0.000202909,0.347991926,0.099362594,0.224699069,0.174239147,0.050459923
"24",4.390073698,3.466831128,0.083136699,3.516553659,2.793041082,1.295584903,0.779644877,2.052768203,1.497456179,0.723512577,2.437147267,2.1538361,0.117395225,0.113003082,2.370870725,0.695638235,0.514372722,0.977400598,2.503083101,0.376088739,1.142205603,0.574907618,1.013470558,0.403556138,0.355250576,0.148604959,8.324571651,3.629119213,2.129224126,1.813916256,0.012853392,0.000141501,0.001116811,0.011373911,44.40457098,23.78873911,9.201286587,1.804183171,1.350831394,1.992646018,1.625706005,0.299252331,0.758973616,1.040072484,0.729731464,13.38508799,1.16836735,0.201410151,4.424906389,4.626316539,4.368697749,1.504735351,33.05847816,34.56321351,32.63854338,32.79824311,25.90069734,0.621114328,1.058969241,21.9696295,0.291342811,0.711805644,0.100767423,0.099941748,0.564118422,0.100082479,0.156727026,0.307308917,0.04809567,0.060412223,5.040080596,1.63346473,0.046821574,0.073304343,0.049511671,0.030773801,0.021831949,0.02003884,89.8033692,43.68628068,0.841920786,7.62e-06,1.111664523,0.159883604,0.186209881,0.088087553,0.098122328,0.765571038,9.97e-06,0.596557483,0.119281826,0.11244726,0.046930451,0.065516809,0.364828397,2.23e-05,0.749174442,0.153164493,0.160248188,0.063181241,0.097066946,0.435761761,3.86e-05,0.656223597,0.136464671,0.123320197,0.051080078,0.072240119,0.396438728,3.43e-05,0.330864213,0.072276427,0.108825209,0.067404581,0.041420629,0.149762577,2.87e-05,0.184634955,0.054567214,0.088594142,0.059404834,0.029189307,0.0414736,0.000221169,0.752312057,0.18345917,0.515940026,0.387037486,0.12890254,0.052912861,0.000657263,1.21744425,0.280075334,0.874604328,0.662029872,0.212574456,0.062764588,0.000282273,0.615373999,0.151838806,0.431490649,0.331032502,0.100458147,0.032044544,0.000177275,0.296405877,0.082458582,0.191361202,0.149143229,0.042217973
"25",5.008197405,3.898464038,1.778751355,0.882735618,3.118740427,2.119712683,1.109733367,1.490174589,1.113204643,0.158747702,0.113070938,2.909310465,0.581431215,0.727529655,1.272915047,3.617777411,0.519505494,1.564746753,0.86269608,1.390419994,0.363230124,0.55496593,0.247037287,9.407682459,2.577371476,3.00599004,2.495719352,0.015941293,0.000176246,0.001465037,0.013950385,39.13049076,23.8732025,9.472963721,2.192494747,0.679670768,2.475712219,2.012787663,0.47971123,1.021335725,1.262516674,0.808968108,12.65678835,1.346786179,0.558569986,4.62069423,5.179264216,3.180119816,4.297404316,3.478901161,0.248735275,4.413204763,36.50763608,40.92084085,25.12580387,33.95335529,27.48644494,1.965232162,1.628638075,8.272363972,0.432725079,0.633706892,0.127921334,0.079964723,0.705338598,0.107160337,0.192836046,0.405342216,0.062147616,0.078586509,5.682185025,1.414659536,0.084008134,0.092355789,0.035709045,0.017927233,0.013494341,0.018286931,89.24138201,38.64881059,0.939740608,1.85e-06,0.243957802,0.035885132,0.055495022,0.029959179,0.025535843,0.152577648,4.49e-06,0.263152306,0.050423889,0.068897305,0.038555899,0.030341406,0.143831112,1.31e-05,0.436173994,0.087458312,0.124791383,0.064177988,0.060613394,0.223924299,4.48e-05,0.7363964,0.165777958,0.2299449,0.126294205,0.103650695,0.340673541,4.87e-05,0.497972921,0.122432629,0.19892652,0.122833301,0.076093219,0.176613771,6.32e-05,0.399718054,0.119453295,0.204680488,0.137684922,0.066995566,0.075584272,0.000349625,1.328601591,0.327434549,0.896015736,0.642387247,0.253628489,0.105151306,0.000870406,1.874686801,0.415217146,1.354635995,1.015187612,0.339448382,0.104833661,0.000386087,0.777557548,0.200341194,0.540397593,0.389840526,0.150557068,0.03681876,0.000208544,0.353745691,0.111971315,0.224679095,0.159718615,0.06496048
"26",3.853372399,3.337053644,0.22348962,4.467259892,3.499278756,1.561875402,0.7761295,2.782570921,1.937403354,0.967981136,1.67104826,1.34816785,0.1305302,0.108114142,2.592099844,0.548388972,0.66470842,1.116112237,3.237395707,0.440160178,1.425411613,0.755499534,1.229864184,0.335969322,0.511991741,0.212481602,8.730407995,2.672686323,2.732641974,2.192207515,0.014667407,0.000166785,0.001311238,0.012878712,40.25913324,23.84266862,9.377804447,1.936637873,0.862860467,2.23333295,1.762752361,0.449973669,0.917600356,1.147370701,0.79974184,11.83037492,1.307405426,0.460085344,4.387003925,4.847089269,3.129913248,3.88901744,37.08254351,40.97156095,26.45658545,32.57185361,28.20750541,1.889116972,1.548633743,9.535195991,0.486519708,0.709515365,0.189283103,0.094978371,0.604440107,0.08526635,0.177766716,0.341407042,0.065717041,0.079516044,5.546803956,1.253435936,0.085637466,0.074806793,0.031089799,0.02957833,0.010487596,0.01664042,91.6856923,37.95678664,0.900180526,1.46e-06,0.196280659,0.023205589,0.048427435,0.031314452,0.017112983,0.124647635,5.2e-06,0.313861311,0.054037096,0.074277214,0.042545641,0.031731573,0.185547,1.69e-05,0.563399871,0.10648425,0.146029598,0.073508864,0.072520734,0.310886024,4.67e-05,0.81554614,0.166116786,0.195763697,0.096557767,0.099205929,0.453665657,4.84e-05,0.48357071,0.112065573,0.161138369,0.094915053,0.066223316,0.210366768,4.8e-05,0.300027632,0.086479679,0.150493187,0.101318401,0.049174787,0.063054766,0.000310672,1.132872184,0.262890214,0.785745902,0.597876501,0.187869401,0.084236067,0.000772143,1.679877324,0.369829338,1.226373274,0.915440747,0.310932527,0.083674711,0.000347137,0.723529077,0.190947269,0.501301917,0.361889055,0.139412862,0.031279891,0.000191958,0.329235573,0.103931812,0.209728163,0.148081812,0.061646351
"27",3.55290237,2.946480384,0.157208893,4.603516949,3.540583785,1.507924539,0.68940907,2.923108264,2.032659246,1.062933165,1.180910836,0.872981854,0.12527869,0.101368488,2.589566589,0.44340572,0.68527672,1.17729832,3.357927405,0.412723538,1.485571421,0.837011188,1.245589544,0.276685531,0.547087824,0.225921977,8.373994374,2.005796644,2.843214655,2.341599973,0.015471305,0.000137665,0.001341875,0.013707006,39.2410535,23.97519185,9.411192442,1.873887053,0.630193177,2.196763915,1.736085216,0.445128745,0.90508547,1.226814705,0.737752381,10.01881455,1.270305703,0.27109693,3.892574347,4.163671277,2.302240904,2.705878314,38.85264396,41.55852228,22.97917475,35.46230297,29.40947124,1.569136673,1.808529798,14.35860724,0.410325783,0.810694149,0.163883189,0.106686876,0.215017841,0.098433104,0.488885262,0.08001607,0.133475199,0.275393993,0.055931119,0.071913661,5.272670962,3.461202434,0.123223622,0.086416318,0.046004742,0.033869874,0.014532607,0.015805753,97.18141325,43.77461806,0.755883217,5.51e-07,0.064098445,0.006861795,0.020685461,0.013903842,0.006781619,0.036551189,3.35e-06,0.198363474,0.034209941,0.052077345,0.031459904,0.020617441,0.112076188,1.09e-05,0.375581787,0.071712725,0.104395761,0.054610565,0.049785197,0.199473301,3.8e-05,0.653698475,0.141391775,0.192724678,0.106143594,0.086581083,0.319582022,3.91e-05,0.414308529,0.10213449,0.162844373,0.099024347,0.063820026,0.149329666,4.58e-05,0.299745933,0.087094994,0.156681451,0.107581286,0.049100165,0.055969488,0.000284759,1.183383103,0.283585829,0.818515469,0.607138683,0.211376786,0.081281804,0.000837089,1.785903089,0.389514217,1.313173034,0.978842389,0.334330646,0.083215837,0.000322429,0.730662584,0.191958292,0.509561814,0.360877344,0.14868447,0.029142478,0.000182358,0.326648982,0.103804211,0.209924397
"28",4.523818452,2.694409664,3.681104575,10.03835172,4.168441386,4.71695108,3.71949308,1.6167276,0.752627538,3.067662337,2.102765481,0.997458,1.431907271,1.17959464,0.100927355,0.092027858,2.613869056,0.515643322,0.694749088,1.116562037,3.426515901,0.430660124,1.54140059,0.783769556,1.290435179,0.321967414,0.561364891,0.213688443,8.762727408,2.4478655,2.898441924,2.206047894,0.014823912,0.000144033,0.001395445,0.01298589,40.51477704,24.01792672,9.397605424,1.888515454,0.758218456,2.187365879,1.750088548,0.420977347,0.942905119,1.162901517,0.810821127,10.89933269,1.293973063,0.317555595,4.206262857,3.199815873,0.143831842,2.913532455,38.59193013,41.50546258,24.72086815,33.77366926,29.35790625,1.319638971,1.678964603,13.24575261,0.369569367,0.789238114,0.456127075,0.071750261,0.128833527,0.255543287,0.052547783,0.073886872,4.879001701,1.645328652,0.060143789,0.086306274,0.039990932,0.043070266,0.012305627,0.014103174,96.81419782,44.39856032,0.746268756,1.8e-06,0.260955658,0.032669977,0.048455678,0.026235725,0.022219953,0.179830004,4.94e-06,0.295549465,0.055228245,0.069026034,0.036717472,0.032308563,0.171295186,1.46e-05,0.496330985,0.094047623,0.127755129,0.062897799,0.06485733,0.274528233,4.21e-05,0.721437199,0.154801639,0.196153247,0.103025352,0.093127895,0.370482313,3.74e-05,0.393380593,0.098591466,0.153904181,0.091769164,0.062135016,0.140884946,4.32e-05,0.280211599,0.080304373,0.15733327,0.110014612,0.047318657,0.042573957,0.000298544,1.210372089,0.286914609,0.864100061,0.642538462,0.2215616,0.059357419,0.000891486,1.819316067,0.395569041,1.360286626,1.012077471,0.348209155,0.0634604,0.000315993,0.744037583,0.19409077,0.525431747,0.375162196,0.150269551,0.024515065,0.000187966,0.335088274,0.105089276,0.217047107,0.154160922,0.062886185
"29",5.44884968,4.292246099,0.202208398,6.267770637,4.651471923,2.237561314,1.017448048,3.662495668,2.413910609,1.616298714,1.642477229,1.066771347,0.208257822,0.220854857,3.875897805,0.639982754,0.839951594,1.989643235,4.563529809,0.622808378,1.769419501,1.243728107,1.704240828,0.39463967,0.644491108,0.372570606,11.78614567,2.724202149,3.462120025,3.826796806,0.022052535,0.000202953,0.001528667,0.0198656,38.38875713,23.94627889,9.627510663,3.092799165,0.531064948,3.406221958,2.937470171,0.558828,1.121897675,1.8507737,0.606177662,14.75576509,1.247443553,0.370650122,5.253318167,5.623968289,3.682947126,2.511900394,35.60180129,38.11370168,24.95937759,36.92692073,29.08860416,1.370368776,1.527029332,14.17325359,0.421728045,0.594169335,0.183486773,0.074698268,0.479319866,0.073800493,0.137988942,0.26753043,0.044703419,0.074885125,6.080685397,2.137599307,0.128115445,0.085047846,0.002696464,0.021228792,0.014217424,0.016869668,97.14899052,46.53192541,0.758300709,1.43e-06,0.169506559,0.029230807,0.053783164,0.031176955,0.02260621,0.086492588,4.28e-06,0.23987825,0.045741104,0.069355976,0.041103543,0.028252433,0.124781169,1.29e-05,0.400759126,0.087870127,0.130805295,0.071363697,0.059441599,0.182083703,4.84e-05,0.797535241,0.186996388,0.256843097,0.142505576,0.114337521,0.353695756,5.64e-05,0.597102618,0.141386048,0.237655839,0.150142374,0.087513465,0.218060731,7.96e-05,0.519420356,0.14875828,0.269004676,0.186516234,0.082488442,0.101657399,0.000455315,1.77302669,0.406320221,1.220113266,0.926296098,0.293817168,0.146593203,0.000941768,2.222879451,0.501348652,1.579932645,1.165306453,0.414626193,0.141598154,0.000375765,0.872348056,0.22899399,0.596450354,0.430020584,0.16642977,0.046903712,0.000211134,0.366892518,0.109608953,0.23752761,0.174092465,0.063435145
"30",0.225472969,3.060618447,40.60571718,1.753687558,0.665851357,3.203384833,2.112663496,1.777369061,0.847552324,0.518271584,0.135942234,0.100712027,3.355022148,0.379822401,0.719913631,1.893790866,4.142929926,0.417098193,1.509512613,1.380365866,1.500790189,0.248753164,0.603150883,0.397003194,9.846294586,1.563945342,2.968519362,3.771871955,0.019398208,0.000130406,0.001354755,0.017555328,37.55897908,24.0017093,9.893921075,2.589269128,0.32733265,2.947678745,2.474539366,0.537582292,0.94539769,1.705113879,0.554448416,11.79707579,1.351959656,0.361063478,4.790287229,5.151350707,2.640142856,4.005582223,3.71317948,43.66633563,22.37963801,33.95402637,31.47542278,1.911261512,1.951163625,13.26716083,0.327252973,0.644080099,0.171283981,0.079283493,5.643720115,3.866351054,0.48677916,0.060098807,0.137874131,0.288806222,0.044272537,0.065321516,5.349403821,0.970175437,0.078846149,0.071373356,0.023421069,0.038755508,0.014561174,0.021070263,89.15474388,42.32622652,0.665449311,2.33e-07,0.027865175,0.001539353,0.007746844,0.003657691,0.004089153,0.018578978,1.58e-06,0.092621699,0.017020917,0.03212472,0.019872152,0.012252568,0.043476062,6.05e-06,0.202490409,0.034120433,0.064146687,0.036315765,0.027830923,0.104223289,3.35e-05,0.533494794,0.128029233,0.205879909,0.12404162,0.08183829,0.199585652,3.22e-05,0.335756449,0.091639825,0.146534851,0.085254228,0.061280623,0.097581774,5.69e-05,0.371716816,0.10747264,0.209418347,0.147956739,0.061461608,0.054825829,0.00035772,1.541957928,0.361495249,1.0878362,0.80906944,0.278766761,0.092626478,0.000866097,1.952606011,0.427712943,1.430573221,1.039185237,0.391387984,0.094319847,0.000300712,0.690237154,0.185594739,0.474933733,0.326562153,0.148371581,0.029708682,0.000187947,0.325676196,0.106605949,0.207156542,0.143765223,0.063391318
